	font_file	suffix	family_name	style_name	postscript_name	num_faces	num_glyphs	has_multiple_masters	variation_axes_count	variable_font_weight	min_font_weight	max_font_weight	charmap_encoding_name	has_horizontal	has_vertical	has_kerning	has_fixed_sizes	num_fixed_sizes	is_fixed_width	is_scalable	has_glyph_names	units_per_EM	face_format	is_sfnt	sfnt_name_count	is_tricky
0	NotoEmoji-Regular.ttf	ttf	Noto Emoji	Regular	NotoEmoji	1	888	False	0	False	N/A	N/A	FT_ENCODING_UNICODE	True	False	False	False	0	True	True	True	2048	TrueType	True	15	False
1	NotoKufiArabic-Regular.ttf	ttf	Noto Kufi Arabic	Regular	NotoKufiArabic	1	762	False	0	False	N/A	N/A	FT_ENCODING_UNICODE	True	False	False	False	0	False	True	True	2048	TrueType	True	15	False
2	NotoMono-Regular.ttf	ttf	Noto Mono	Regular	NotoMono	1	897	False	0	False	N/A	N/A	FT_ENCODING_UNICODE	True	False	False	False	0	True	True	False	2048	TrueType	True	15	False
3	NotoNaskhArabic-Regular.ttf	ttf	Noto Naskh Arabic	Regular	NotoNaskhArabic	1	1533	False	0	False	N/A	N/A	FT_ENCODING_UNICODE	True	False	False	False	0	False	True	True	2048	TrueType	True	15	False
4	NotoNaskhArabicUI-Regular.ttf	ttf	Noto Naskh Arabic UI	Regular	NotoNaskhArabicUI	1	1541	False	0	False	N/A	N/A	FT_ENCODING_UNICODE	True	False	False	False	0	False	True	True	2048	TrueType	True	15	False
5	NotoSans-Black.ttf	ttf	Noto Sans	Black	NotoSans-Black	1	3246	False	0	False	N/A	N/A	FT_ENCODING_UNICODE	True	False	False	False	0	False	True	True	1000	TrueType	True	17	False
6	NotoSans-Condensed.ttf	ttf	Noto Sans	Condensed	NotoSans-Condensed	1	3246	False	0	False	N/A	N/A	FT_ENCODING_UNICODE	True	False	False	False	0	False	True	True	1000	TrueType	True	17	False
7	NotoSans-CondensedBlack.ttf	ttf	Noto Sans	Condensed Black	NotoSans-CondensedBlack	1	3246	False	0	False	N/A	N/A	FT_ENCODING_UNICODE	True	False	False	False	0	False	True	True	1000	TrueType	True	17	False
8	NotoSans-Regular.ttf	ttf	Noto Sans	Regular	NotoSans-Regular	1	3246	False	0	False	N/A	N/A	FT_ENCODING_UNICODE	True	False	False	False	0	False	True	True	1000	TrueType	True	15	False
9	NotoSans-SemiCondensed.ttf	ttf	Noto Sans	SemiCondensed	NotoSans-SemiCondensed	1	3246	False	0	False	N/A	N/A	FT_ENCODING_UNICODE	True	False	False	False	0	False	True	True	1000	TrueType	True	17	False
10	NotoSans-SemiCondensedBlack.ttf	ttf	Noto Sans	SemiCondensed Black	NotoSans-SemiCondensedBlack	1	3246	False	0	False	N/A	N/A	FT_ENCODING_UNICODE	True	False	False	False	0	False	True	True	1000	TrueType	True	17	False
11	NotoSansArabic-Black.ttf	ttf	Noto Sans Arabic	Black	NotoSansArabic-Black	1	1677	False	0	False	N/A	N/A	FT_ENCODING_UNICODE	True	False	False	False	0	False	True	True	1000	TrueType	True	17	False
12	NotoSansArabic-Condensed.ttf	ttf	Noto Sans Arabic	Condensed	NotoSansArabic-Condensed	1	1677	False	0	False	N/A	N/A	FT_ENCODING_UNICODE	True	False	False	False	0	False	True	True	1000	TrueType	True	17	False
13	NotoSansArabic-CondensedBlack.ttf	ttf	Noto Sans Arabic	Condensed Black	NotoSansArabic-CondensedBlack	1	1677	False	0	False	N/A	N/A	FT_ENCODING_UNICODE	True	False	False	False	0	False	True	True	1000	TrueType	True	17	False
14	NotoSansArabic-Regular.ttf	ttf	Noto Sans Arabic	Regular	NotoSansArabic-Regular	1	1677	False	0	False	N/A	N/A	FT_ENCODING_UNICODE	True	False	False	False	0	False	True	True	1000	TrueType	True	15	False
15	NotoSansArabic-SemiCondensed.ttf	ttf	Noto Sans Arabic	SemiCondensed	NotoSansArabic-SemiCondensed	1	1677	False	0	False	N/A	N/A	FT_ENCODING_UNICODE	True	False	False	False	0	False	True	True	1000	TrueType	True	17	False
16	NotoSansArabic-SemiCondensedBlack.ttf	ttf	Noto Sans Arabic	SemiCondensed Black	NotoSansArabic-SemiCondensedBlack	1	1677	False	0	False	N/A	N/A	FT_ENCODING_UNICODE	True	False	False	False	0	False	True	True	1000	TrueType	True	17	False
17	NotoSansArabicUI-Black.ttf	ttf	Noto Sans Arabic UI	Black	NotoSansArabicUI-Black	1	1620	False	0	False	N/A	N/A	FT_ENCODING_UNICODE	True	False	False	False	0	False	True	True	1000	TrueType	True	17	False
18	NotoSansArabicUI-Condensed.ttf	ttf	Noto Sans Arabic UI	Condensed	NotoSansArabicUI-Condensed	1	1620	False	0	False	N/A	N/A	FT_ENCODING_UNICODE	True	False	False	False	0	False	True	True	1000	TrueType	True	17	False
19	NotoSansArabicUI-CondensedBlack.ttf	ttf	Noto Sans Arabic UI	Condensed Black	NotoSansArabicUI-CondensedBlack	1	1620	False	0	False	N/A	N/A	FT_ENCODING_UNICODE	True	False	False	False	0	False	True	True	1000	TrueType	True	17	False
20	NotoSansArabicUI-Regular.ttf	ttf	Noto Sans Arabic UI	Regular	NotoSansArabicUI-Regular	1	1620	False	0	False	N/A	N/A	FT_ENCODING_UNICODE	True	False	False	False	0	False	True	True	1000	TrueType	True	15	False
21	NotoSansArabicUI-SemiCondensed.ttf	ttf	Noto Sans Arabic UI	SemiCondensed	NotoSansArabicUI-SemiCondensed	1	1620	False	0	False	N/A	N/A	FT_ENCODING_UNICODE	True	False	False	False	0	False	True	True	1000	TrueType	True	17	False
22	NotoSansArabicUI-SemiCondensedBlack.ttf	ttf	Noto Sans Arabic UI	SemiCondensed Black	NotoSansArabicUI-SemiCondensedBlack	1	1620	False	0	False	N/A	N/A	FT_ENCODING_UNICODE	True	False	False	False	0	False	True	True	1000	TrueType	True	17	False
23	NotoSansArmenian-Black.ttf	ttf	Noto Sans Armenian	Black	NotoSansArmenian-Black	1	103	False	0	False	N/A	N/A	FT_ENCODING_UNICODE	True	False	False	False	0	False	True	True	1000	TrueType	True	17	False
24	NotoSansArmenian-Condensed.ttf	ttf	Noto Sans Armenian	Condensed	NotoSansArmenian-Condensed	1	103	False	0	False	N/A	N/A	FT_ENCODING_UNICODE	True	False	False	False	0	False	True	True	1000	TrueType	True	17	False
25	NotoSansArmenian-CondensedBlack.ttf	ttf	Noto Sans Armenian	Condensed Black	NotoSansArmenian-CondensedBlack	1	103	False	0	False	N/A	N/A	FT_ENCODING_UNICODE	True	False	False	False	0	False	True	True	1000	TrueType	True	17	False
26	NotoSansArmenian-Regular.ttf	ttf	Noto Sans Armenian	Regular	NotoSansArmenian-Regular	1	103	False	0	False	N/A	N/A	FT_ENCODING_UNICODE	True	False	False	False	0	False	True	True	1000	TrueType	True	15	False
27	NotoSansArmenian-SemiCondensed.ttf	ttf	Noto Sans Armenian	SemiCondensed	NotoSansArmenian-SemiCondensed	1	103	False	0	False	N/A	N/A	FT_ENCODING_UNICODE	True	False	False	False	0	False	True	True	1000	TrueType	True	17	False
28	NotoSansArmenian-SemiCondensedBlack.ttf	ttf	Noto Sans Armenian	SemiCondensed Black	NotoSansArmenian-SemiCondensedBlack	1	103	False	0	False	N/A	N/A	FT_ENCODING_UNICODE	True	False	False	False	0	False	True	True	1000	TrueType	True	17	False
29	NotoSansBalinese-Regular.ttf	ttf	Noto Sans Balinese	Regular	NotoSansBalinese	1	182	False	0	False	N/A	N/A	FT_ENCODING_UNICODE	True	False	False	False	0	False	True	False	2048	TrueType	True	15	False
30	NotoSansBengali-Black.ttf	ttf	Noto Sans Bengali	Black	NotoSansBengali-Black	1	635	False	0	False	N/A	N/A	FT_ENCODING_UNICODE	True	False	False	False	0	False	True	True	1000	TrueType	True	17	False
31	NotoSansBengali-Regular.ttf	ttf	Noto Sans Bengali	Regular	NotoSansBengali-Regular	1	635	False	0	False	N/A	N/A	FT_ENCODING_UNICODE	True	False	False	False	0	False	True	True	1000	TrueType	True	15	False
32	NotoSansBengaliUI-Black.ttf	ttf	Noto Sans Bengali UI	Black	NotoSansBengaliUI-Black	1	626	False	0	False	N/A	N/A	FT_ENCODING_UNICODE	True	False	False	False	0	False	True	True	1000	TrueType	True	17	False
33	NotoSansBengaliUI-Regular.ttf	ttf	Noto Sans Bengali UI	Regular	NotoSansBengaliUI-Regular	1	626	False	0	False	N/A	N/A	FT_ENCODING_UNICODE	True	False	False	False	0	False	True	True	1000	TrueType	True	15	False
34	NotoSansCJKjp-Black.otf	otf	Noto Sans CJK JP	Black	NotoSansCJKjp-Black	1	65535	False	0	False	N/A	N/A	FT_ENCODING_UNICODE	True	True	False	False	0	False	True	False	1000	CFF	True	34	False
35	NotoSansCJKjp-Regular.otf	otf	Noto Sans CJK JP	Regular	NotoSansCJKjp-Regular	1	65535	False	0	False	N/A	N/A	FT_ENCODING_UNICODE	True	True	False	False	0	False	True	False	1000	CFF	True	32	False
36	NotoSansCJKkr-Black.otf	otf	Noto Sans CJK KR	Black	NotoSansCJKkr-Black	1	65535	False	0	False	N/A	N/A	FT_ENCODING_UNICODE	True	True	False	False	0	False	True	False	1000	CFF	True	34	False
37	NotoSansCJKkr-Regular.otf	otf	Noto Sans CJK KR	Regular	NotoSansCJKkr-Regular	1	65535	False	0	False	N/A	N/A	FT_ENCODING_UNICODE	True	True	False	False	0	False	True	False	1000	CFF	True	32	False
38	NotoSansCJKsc-Black.otf	otf	Noto Sans CJK SC	Black	NotoSansCJKsc-Black	1	65535	False	0	False	N/A	N/A	FT_ENCODING_UNICODE	True	True	False	False	0	False	True	False	1000	CFF	True	34	False
39	NotoSansCJKsc-Regular.otf	otf	Noto Sans CJK SC	Regular	NotoSansCJKsc-Regular	1	65535	False	0	False	N/A	N/A	FT_ENCODING_UNICODE	True	True	False	False	0	False	True	False	1000	CFF	True	32	False
40	NotoSansCJKtc-Black.otf	otf	Noto Sans CJK TC	Black	NotoSansCJKtc-Black	1	65535	False	0	False	N/A	N/A	FT_ENCODING_UNICODE	True	True	False	False	0	False	True	False	1000	CFF	True	34	False
41	NotoSansCJKtc-Regular.otf	otf	Noto Sans CJK TC	Regular	NotoSansCJKtc-Regular	1	65535	False	0	False	N/A	N/A	FT_ENCODING_UNICODE	True	True	False	False	0	False	True	False	1000	CFF	True	32	False
42	NotoSansChakma-Regular.ttf	ttf	Noto Sans Chakma	Regular	NotoSansChakma-Regular	1	193	False	0	False	N/A	N/A	FT_ENCODING_UNICODE	True	False	False	False	0	False	True	True	1000	TrueType	True	15	False
43	NotoSansDevanagari-Black.ttf	ttf	Noto Sans Devanagari	Black	NotoSansDevanagari-Black	1	967	False	0	False	N/A	N/A	FT_ENCODING_UNICODE	True	False	False	False	0	False	True	True	1000	TrueType	True	17	False
44	NotoSansDevanagari-Condensed.ttf	ttf	Noto Sans Devanagari	Condensed	NotoSansDevanagari-Condensed	1	967	False	0	False	N/A	N/A	FT_ENCODING_UNICODE	True	False	False	False	0	False	True	True	1000	TrueType	True	17	False
45	NotoSansDevanagari-CondensedBlack.ttf	ttf	Noto Sans Devanagari	Condensed Black	NotoSansDevanagari-CondensedBlack	1	967	False	0	False	N/A	N/A	FT_ENCODING_UNICODE	True	False	False	False	0	False	True	True	1000	TrueType	True	17	False
46	NotoSansDevanagari-Regular.ttf	ttf	Noto Sans Devanagari	Regular	NotoSansDevanagari-Regular	1	967	False	0	False	N/A	N/A	FT_ENCODING_UNICODE	True	False	False	False	0	False	True	True	1000	TrueType	True	15	False
47	NotoSansDevanagari-SemiCondensed.ttf	ttf	Noto Sans Devanagari	SemiCondensed	NotoSansDevanagari-SemiCondensed	1	967	False	0	False	N/A	N/A	FT_ENCODING_UNICODE	True	False	False	False	0	False	True	True	1000	TrueType	True	17	False
48	NotoSansDevanagari-SemiCondensedBlack.ttf	ttf	Noto Sans Devanagari	SemiCondensed Black	NotoSansDevanagari-SemiCondensedBlack	1	967	False	0	False	N/A	N/A	FT_ENCODING_UNICODE	True	False	False	False	0	False	True	True	1000	TrueType	True	17	False
49	NotoSansDevanagariUI-Black.ttf	ttf	Noto Sans Devanagari UI	Black	NotoSansDevanagariUI-Black	1	912	False	0	False	N/A	N/A	FT_ENCODING_UNICODE	True	False	False	False	0	False	True	True	1000	TrueType	True	17	False
50	NotoSansDevanagariUI-Condensed.ttf	ttf	Noto Sans Devanagari UI	Condensed	NotoSansDevanagariUI-Condensed	1	912	False	0	False	N/A	N/A	FT_ENCODING_UNICODE	True	False	False	False	0	False	True	True	1000	TrueType	True	17	False
51	NotoSansDevanagariUI-CondensedBlack.ttf	ttf	Noto Sans Devanagari UI	Condensed Black	NotoSansDevanagariUI-CondensedBlack	1	912	False	0	False	N/A	N/A	FT_ENCODING_UNICODE	True	False	False	False	0	False	True	True	1000	TrueType	True	17	False
52	NotoSansDevanagariUI-Regular.ttf	ttf	Noto Sans Devanagari UI	Regular	NotoSansDevanagariUI-Regular	1	912	False	0	False	N/A	N/A	FT_ENCODING_UNICODE	True	False	False	False	0	False	True	True	1000	TrueType	True	15	False
53	NotoSansDevanagariUI-SemiCondensed.ttf	ttf	Noto Sans Devanagari UI	SemiCondensed	NotoSansDevanagariUI-SemiCondensed	1	912	False	0	False	N/A	N/A	FT_ENCODING_UNICODE	True	False	False	False	0	False	True	True	1000	TrueType	True	17	False
54	NotoSansDevanagariUI-SemiCondensedBlack.ttf	ttf	Noto Sans Devanagari UI	SemiCondensed Black	NotoSansDevanagariUI-SemiCondensedBlack	1	912	False	0	False	N/A	N/A	FT_ENCODING_UNICODE	True	False	False	False	0	False	True	True	1000	TrueType	True	17	False
55	NotoSansDisplay-Black.ttf	ttf	Noto Sans Display	Black	NotoSansDisplay-Black	1	3245	False	0	False	N/A	N/A	FT_ENCODING_UNICODE	True	False	False	False	0	False	True	True	1000	TrueType	True	17	False
56	NotoSansDisplay-Condensed.ttf	ttf	Noto Sans Display	Condensed	NotoSansDisplay-Condensed	1	3245	False	0	False	N/A	N/A	FT_ENCODING_UNICODE	True	False	False	False	0	False	True	True	1000	TrueType	True	17	False
57	NotoSansDisplay-CondensedBlack.ttf	ttf	Noto Sans Display	Condensed Black	NotoSansDisplay-CondensedBlack	1	3245	False	0	False	N/A	N/A	FT_ENCODING_UNICODE	True	False	False	False	0	False	True	True	1000	TrueType	True	17	False
58	NotoSansDisplay-Regular.ttf	ttf	Noto Sans Display	Regular	NotoSansDisplay-Regular	1	3245	False	0	False	N/A	N/A	FT_ENCODING_UNICODE	True	False	False	False	0	False	True	True	1000	TrueType	True	16	False
59	NotoSansDisplay-SemiCondensed.ttf	ttf	Noto Sans Display	SemiCondensed	NotoSansDisplay-SemiCondensed	1	3245	False	0	False	N/A	N/A	FT_ENCODING_UNICODE	True	False	False	False	0	False	True	True	1000	TrueType	True	17	False
60	NotoSansDisplay-SemiCondensedBlack.ttf	ttf	Noto Sans Display	SemiCondensed Black	NotoSansDisplay-SemiCondensedBlack	1	3245	False	0	False	N/A	N/A	FT_ENCODING_UNICODE	True	False	False	False	0	False	True	True	1000	TrueType	True	17	False
61	NotoSansEthiopic-Black.ttf	ttf	Noto Sans Ethiopic	Black	NotoSansEthiopic-Black	1	620	False	0	False	N/A	N/A	FT_ENCODING_UNICODE	True	False	False	False	0	False	True	True	1000	TrueType	True	17	False
62	NotoSansEthiopic-Condensed.ttf	ttf	Noto Sans Ethiopic	Condensed	NotoSansEthiopic-Condensed	1	620	False	0	False	N/A	N/A	FT_ENCODING_UNICODE	True	False	False	False	0	False	True	True	1000	TrueType	True	17	False
63	NotoSansEthiopic-CondensedBlack.ttf	ttf	Noto Sans Ethiopic	Condensed Black	NotoSansEthiopic-CondensedBlack	1	620	False	0	False	N/A	N/A	FT_ENCODING_UNICODE	True	False	False	False	0	False	True	True	1000	TrueType	True	17	False
64	NotoSansEthiopic-Regular.ttf	ttf	Noto Sans Ethiopic	Regular	NotoSansEthiopic-Regular	1	620	False	0	False	N/A	N/A	FT_ENCODING_UNICODE	True	False	False	False	0	False	True	True	1000	TrueType	True	15	False
65	NotoSansEthiopic-SemiCondensed.ttf	ttf	Noto Sans Ethiopic	SemiCondensed	NotoSansEthiopic-SemiCondensed	1	620	False	0	False	N/A	N/A	FT_ENCODING_UNICODE	True	False	False	False	0	False	True	True	1000	TrueType	True	17	False
66	NotoSansEthiopic-SemiCondensedBlack.ttf	ttf	Noto Sans Ethiopic	SemiCondensed Black	NotoSansEthiopic-SemiCondensedBlack	1	620	False	0	False	N/A	N/A	FT_ENCODING_UNICODE	True	False	False	False	0	False	True	True	1000	TrueType	True	17	False
67	NotoSansGeorgian-Black.ttf	ttf	Noto Sans Georgian	Black	NotoSansGeorgian-Black	1	160	False	0	False	N/A	N/A	FT_ENCODING_UNICODE	True	False	False	False	0	False	True	True	1000	TrueType	True	17	False
68	NotoSansGeorgian-Condensed.ttf	ttf	Noto Sans Georgian	Condensed	NotoSansGeorgian-Condensed	1	160	False	0	False	N/A	N/A	FT_ENCODING_UNICODE	True	False	False	False	0	False	True	True	1000	TrueType	True	17	False
69	NotoSansGeorgian-CondensedBlack.ttf	ttf	Noto Sans Georgian	Condensed Black	NotoSansGeorgian-CondensedBlack	1	160	False	0	False	N/A	N/A	FT_ENCODING_UNICODE	True	False	False	False	0	False	True	True	1000	TrueType	True	17	False
70	NotoSansGeorgian-Regular.ttf	ttf	Noto Sans Georgian	Regular	NotoSansGeorgian-Regular	1	160	False	0	False	N/A	N/A	FT_ENCODING_UNICODE	True	False	False	False	0	False	True	True	1000	TrueType	True	15	False
71	NotoSansGeorgian-SemiCondensed.ttf	ttf	Noto Sans Georgian	SemiCondensed	NotoSansGeorgian-SemiCondensed	1	160	False	0	False	N/A	N/A	FT_ENCODING_UNICODE	True	False	False	False	0	False	True	True	1000	TrueType	True	17	False
72	NotoSansGeorgian-SemiCondensedBlack.ttf	ttf	Noto Sans Georgian	SemiCondensed Black	NotoSansGeorgian-SemiCondensedBlack	1	160	False	0	False	N/A	N/A	FT_ENCODING_UNICODE	True	False	False	False	0	False	True	True	1000	TrueType	True	17	False
73	NotoSansGujarati-Regular.ttf	ttf	Noto Sans Gujarati	Regular	NotoSansGujarati	1	741	False	0	False	N/A	N/A	FT_ENCODING_UNICODE	True	False	False	False	0	False	True	False	2048	TrueType	True	15	False
74	NotoSansGujaratiUI-Regular.ttf	ttf	Noto Sans Gujarati UI	Regular	NotoSansGujaratiUI	1	722	False	0	False	N/A	N/A	FT_ENCODING_UNICODE	True	False	False	False	0	False	True	False	2048	TrueType	True	15	False
75	NotoSansGurmukhi-Regular.ttf	ttf	Noto Sans Gurmukhi	Regular	NotoSansGurmukhi	1	301	False	0	False	N/A	N/A	FT_ENCODING_UNICODE	True	False	False	False	0	False	True	True	2048	TrueType	True	15	False
76	NotoSansGurmukhiUI-Regular.ttf	ttf	Noto Sans Gurmukhi UI	Regular	NotoSansGurmukhiUI	1	308	False	0	False	N/A	N/A	FT_ENCODING_UNICODE	True	False	False	False	0	False	True	True	2048	TrueType	True	15	False
77	NotoSansHebrew-Black.ttf	ttf	Noto Sans Hebrew	Black	NotoSansHebrew-Black	1	149	False	0	False	N/A	N/A	FT_ENCODING_UNICODE	True	False	False	False	0	False	True	True	1000	TrueType	True	17	False
78	NotoSansHebrew-Condensed.ttf	ttf	Noto Sans Hebrew	Condensed	NotoSansHebrew-Condensed	1	149	False	0	False	N/A	N/A	FT_ENCODING_UNICODE	True	False	False	False	0	False	True	True	1000	TrueType	True	17	False
79	NotoSansHebrew-CondensedBlack.ttf	ttf	Noto Sans Hebrew	Condensed Black	NotoSansHebrew-CondensedBlack	1	149	False	0	False	N/A	N/A	FT_ENCODING_UNICODE	True	False	False	False	0	False	True	True	1000	TrueType	True	17	False
80	NotoSansHebrew-Regular.ttf	ttf	Noto Sans Hebrew	Regular	NotoSansHebrew-Regular	1	149	False	0	False	N/A	N/A	FT_ENCODING_UNICODE	True	False	False	False	0	False	True	True	1000	TrueType	True	15	False
81	NotoSansHebrew-SemiCondensed.ttf	ttf	Noto Sans Hebrew	SemiCondensed	NotoSansHebrew-SemiCondensed	1	149	False	0	False	N/A	N/A	FT_ENCODING_UNICODE	True	False	False	False	0	False	True	True	1000	TrueType	True	17	False
82	NotoSansHebrew-SemiCondensedBlack.ttf	ttf	Noto Sans Hebrew	SemiCondensed Black	NotoSansHebrew-SemiCondensedBlack	1	149	False	0	False	N/A	N/A	FT_ENCODING_UNICODE	True	False	False	False	0	False	True	True	1000	TrueType	True	17	False
83	NotoSansKannada-Regular.ttf	ttf	Noto Sans Kannada	Regular	NotoSansKannada	1	451	False	0	False	N/A	N/A	FT_ENCODING_UNICODE	True	False	False	False	0	False	True	False	2048	TrueType	True	15	False
84	NotoSansKannadaUI-Regular.ttf	ttf	Noto Sans Kannada UI	Regular	NotoSansKannadaUI	1	451	False	0	False	N/A	N/A	FT_ENCODING_UNICODE	True	False	False	False	0	False	True	False	2048	TrueType	True	15	False
85	NotoSansKhmer-Black.ttf	ttf	Noto Sans Khmer	Black	NotoSansKhmer-Black	1	370	False	0	False	N/A	N/A	FT_ENCODING_UNICODE	True	False	False	False	0	False	True	True	1000	TrueType	True	17	False
86	NotoSansKhmer-Condensed.ttf	ttf	Noto Sans Khmer	Condensed	NotoSansKhmer-Condensed	1	370	False	0	False	N/A	N/A	FT_ENCODING_UNICODE	True	False	False	False	0	False	True	True	1000	TrueType	True	17	False
87	NotoSansKhmer-CondensedBlack.ttf	ttf	Noto Sans Khmer	Condensed Black	NotoSansKhmer-CondensedBlack	1	370	False	0	False	N/A	N/A	FT_ENCODING_UNICODE	True	False	False	False	0	False	True	True	1000	TrueType	True	17	False
88	NotoSansKhmer-Regular.ttf	ttf	Noto Sans Khmer	Regular	NotoSansKhmer-Regular	1	370	False	0	False	N/A	N/A	FT_ENCODING_UNICODE	True	False	False	False	0	False	True	True	1000	TrueType	True	15	False
89	NotoSansKhmer-SemiCondensed.ttf	ttf	Noto Sans Khmer	SemiCondensed	NotoSansKhmer-SemiCondensed	1	370	False	0	False	N/A	N/A	FT_ENCODING_UNICODE	True	False	False	False	0	False	True	True	1000	TrueType	True	17	False
90	NotoSansKhmer-SemiCondensedBlack.ttf	ttf	Noto Sans Khmer	SemiCondensed Black	NotoSansKhmer-SemiCondensedBlack	1	370	False	0	False	N/A	N/A	FT_ENCODING_UNICODE	True	False	False	False	0	False	True	True	1000	TrueType	True	17	False
91	NotoSansKhmerUI-Black.ttf	ttf	Noto Sans Khmer UI	Black	NotoSansKhmerUI-Black	1	387	False	0	False	N/A	N/A	FT_ENCODING_UNICODE	True	False	False	False	0	False	True	True	1000	TrueType	True	17	False
92	NotoSansKhmerUI-Condensed.ttf	ttf	Noto Sans Khmer UI	Condensed	NotoSansKhmerUI-Condensed	1	387	False	0	False	N/A	N/A	FT_ENCODING_UNICODE	True	False	False	False	0	False	True	True	1000	TrueType	True	17	False
93	NotoSansKhmerUI-CondensedBlack.ttf	ttf	Noto Sans Khmer UI	Condensed Black	NotoSansKhmerUI-CondensedBlack	1	387	False	0	False	N/A	N/A	FT_ENCODING_UNICODE	True	False	False	False	0	False	True	True	1000	TrueType	True	17	False
94	NotoSansKhmerUI-Regular.ttf	ttf	Noto Sans Khmer UI	Regular	NotoSansKhmerUI-Regular	1	387	False	0	False	N/A	N/A	FT_ENCODING_UNICODE	True	False	False	False	0	False	True	True	1000	TrueType	True	15	False
95	NotoSansKhmerUI-SemiCondensed.ttf	ttf	Noto Sans Khmer UI	SemiCondensed	NotoSansKhmerUI-SemiCondensed	1	387	False	0	False	N/A	N/A	FT_ENCODING_UNICODE	True	False	False	False	0	False	True	True	1000	TrueType	True	17	False
96	NotoSansKhmerUI-SemiCondensedBlack.ttf	ttf	Noto Sans Khmer UI	SemiCondensed Black	NotoSansKhmerUI-SemiCondensedBlack	1	387	False	0	False	N/A	N/A	FT_ENCODING_UNICODE	True	False	False	False	0	False	True	True	1000	TrueType	True	17	False
97	NotoSansLao-Black.ttf	ttf	Noto Sans Lao	Black	NotoSansLao-Black	1	116	False	0	False	N/A	N/A	FT_ENCODING_UNICODE	True	False	False	False	0	False	True	True	1000	TrueType	True	17	False
98	NotoSansLao-Condensed.ttf	ttf	Noto Sans Lao	Condensed	NotoSansLao-Condensed	1	116	False	0	False	N/A	N/A	FT_ENCODING_UNICODE	True	False	False	False	0	False	True	True	1000	TrueType	True	17	False
99	NotoSansLao-CondensedBlack.ttf	ttf	Noto Sans Lao	Condensed Black	NotoSansLao-CondensedBlack	1	116	False	0	False	N/A	N/A	FT_ENCODING_UNICODE	True	False	False	False	0	False	True	True	1000	TrueType	True	17	False
100	NotoSansLao-Regular.ttf	ttf	Noto Sans Lao	Regular	NotoSansLao-Regular	1	116	False	0	False	N/A	N/A	FT_ENCODING_UNICODE	True	False	False	False	0	False	True	True	1000	TrueType	True	15	False
101	NotoSansLao-SemiCondensed.ttf	ttf	Noto Sans Lao	SemiCondensed	NotoSansLao-SemiCondensed	1	116	False	0	False	N/A	N/A	FT_ENCODING_UNICODE	True	False	False	False	0	False	True	True	1000	TrueType	True	17	False
102	NotoSansLao-SemiCondensedBlack.ttf	ttf	Noto Sans Lao	SemiCondensed Black	NotoSansLao-SemiCondensedBlack	1	116	False	0	False	N/A	N/A	FT_ENCODING_UNICODE	True	False	False	False	0	False	True	True	1000	TrueType	True	17	False
103	NotoSansLaoUI-Black.ttf	ttf	Noto Sans Lao UI	Black	NotoSansLaoUI-Black	1	118	False	0	False	N/A	N/A	FT_ENCODING_UNICODE	True	False	False	False	0	False	True	True	1000	TrueType	True	17	False
104	NotoSansLaoUI-Condensed.ttf	ttf	Noto Sans Lao UI	Condensed	NotoSansLaoUI-Condensed	1	118	False	0	False	N/A	N/A	FT_ENCODING_UNICODE	True	False	False	False	0	False	True	True	1000	TrueType	True	17	False
105	NotoSansLaoUI-CondensedBlack.ttf	ttf	Noto Sans Lao UI	Condensed Black	NotoSansLaoUI-CondensedBlack	1	118	False	0	False	N/A	N/A	FT_ENCODING_UNICODE	True	False	False	False	0	False	True	True	1000	TrueType	True	17	False
106	NotoSansLaoUI-Regular.ttf	ttf	Noto Sans Lao UI	Regular	NotoSansLaoUI-Regular	1	118	False	0	False	N/A	N/A	FT_ENCODING_UNICODE	True	False	False	False	0	False	True	True	1000	TrueType	True	15	False
107	NotoSansLaoUI-SemiCondensed.ttf	ttf	Noto Sans Lao UI	SemiCondensed	NotoSansLaoUI-SemiCondensed	1	118	False	0	False	N/A	N/A	FT_ENCODING_UNICODE	True	False	False	False	0	False	True	True	1000	TrueType	True	17	False
108	NotoSansLaoUI-SemiCondensedBlack.ttf	ttf	Noto Sans Lao UI	SemiCondensed Black	NotoSansLaoUI-SemiCondensedBlack	1	118	False	0	False	N/A	N/A	FT_ENCODING_UNICODE	True	False	False	False	0	False	True	True	1000	TrueType	True	17	False
109	NotoSansMalayalam-Regular.ttf	ttf	Noto Sans Malayalam	Regular	NotoSansMalayalam	1	318	False	0	False	N/A	N/A	FT_ENCODING_UNICODE	True	False	False	False	0	False	True	False	2048	TrueType	True	15	False
110	NotoSansMalayalamUI-Regular.ttf	ttf	Noto Sans Malayalam UI	Regular	NotoSansMalayalamUI	1	318	False	0	False	N/A	N/A	FT_ENCODING_UNICODE	True	False	False	False	0	False	True	False	2048	TrueType	True	15	False
111	NotoSansMongolian-Regular.ttf	ttf	Noto Sans Mongolian	Regular	NotoSansMongolian	1	1511	False	0	False	N/A	N/A	FT_ENCODING_UNICODE	True	False	False	False	0	False	True	True	2048	TrueType	True	15	False
112	NotoSansMono-Black.ttf	ttf	Noto Sans Mono	Black	NotoSansMono-Black	1	3376	False	0	False	N/A	N/A	FT_ENCODING_UNICODE	True	False	False	False	0	False	True	True	1000	TrueType	True	17	False
113	NotoSansMono-Condensed.ttf	ttf	Noto Sans Mono	Condensed	NotoSansMono-Condensed	1	3376	False	0	False	N/A	N/A	FT_ENCODING_UNICODE	True	False	False	False	0	False	True	True	1000	TrueType	True	17	False
114	NotoSansMono-CondensedBlack.ttf	ttf	Noto Sans Mono	Condensed Black	NotoSansMono-CondensedBlack	1	3376	False	0	False	N/A	N/A	FT_ENCODING_UNICODE	True	False	False	False	0	False	True	True	1000	TrueType	True	17	False
115	NotoSansMono-Regular.ttf	ttf	Noto Sans Mono	Regular	NotoSansMono-Regular	1	3376	False	0	False	N/A	N/A	FT_ENCODING_UNICODE	True	False	False	False	0	False	True	True	1000	TrueType	True	15	False
116	NotoSansMono-SemiCondensed.ttf	ttf	Noto Sans Mono	SemiCondensed	NotoSansMono-SemiCondensed	1	3376	False	0	False	N/A	N/A	FT_ENCODING_UNICODE	True	False	False	False	0	False	True	True	1000	TrueType	True	17	False
117	NotoSansMono-SemiCondensedBlack.ttf	ttf	Noto Sans Mono	SemiCondensed Black	NotoSansMono-SemiCondensedBlack	1	3376	False	0	False	N/A	N/A	FT_ENCODING_UNICODE	True	False	False	False	0	False	True	True	1000	TrueType	True	17	False
118	NotoSansMonoCJKjp-Regular.otf	otf	Noto Sans Mono CJK JP	Regular	NotoSansMonoCJKjp-Regular	1	65535	False	0	False	N/A	N/A	FT_ENCODING_UNICODE	True	True	False	False	0	False	True	False	1000	CFF	True	32	False
119	NotoSansMonoCJKkr-Regular.otf	otf	Noto Sans Mono CJK KR	Regular	NotoSansMonoCJKkr-Regular	1	65535	False	0	False	N/A	N/A	FT_ENCODING_UNICODE	True	True	False	False	0	False	True	False	1000	CFF	True	32	False
120	NotoSansMonoCJKsc-Regular.otf	otf	Noto Sans Mono CJK SC	Regular	NotoSansMonoCJKsc-Regular	1	65535	False	0	False	N/A	N/A	FT_ENCODING_UNICODE	True	True	False	False	0	False	True	False	1000	CFF	True	32	False
121	NotoSansMonoCJKtc-Regular.otf	otf	Noto Sans Mono CJK TC	Regular	NotoSansMonoCJKtc-Regular	1	65535	False	0	False	N/A	N/A	FT_ENCODING_UNICODE	True	True	False	False	0	False	True	False	1000	CFF	True	32	False
122	NotoSansMyanmar-Black.ttf	ttf	Noto Sans Myanmar	Black	NotoSansMyanmar-Black	1	614	False	0	False	N/A	N/A	FT_ENCODING_UNICODE	True	False	False	False	0	False	True	True	1000	TrueType	True	17	False
123	NotoSansMyanmar-Condensed.ttf	ttf	Noto Sans Myanmar	Condensed	NotoSansMyanmar-Condensed	1	614	False	0	False	N/A	N/A	FT_ENCODING_UNICODE	True	False	False	False	0	False	True	True	1000	TrueType	True	17	False
124	NotoSansMyanmar-CondensedBlack.ttf	ttf	Noto Sans Myanmar	Condensed Black	NotoSansMyanmar-CondensedBlack	1	614	False	0	False	N/A	N/A	FT_ENCODING_UNICODE	True	False	False	False	0	False	True	True	1000	TrueType	True	17	False
125	NotoSansMyanmar-Regular.ttf	ttf	Noto Sans Myanmar	Regular	NotoSansMyanmar-Regular	1	614	False	0	False	N/A	N/A	FT_ENCODING_UNICODE	True	False	False	False	0	False	True	True	1000	TrueType	True	15	False
126	NotoSansMyanmar-SemiCondensed.ttf	ttf	Noto Sans Myanmar	SemiCondensed	NotoSansMyanmar-SemiCondensed	1	614	False	0	False	N/A	N/A	FT_ENCODING_UNICODE	True	False	False	False	0	False	True	True	1000	TrueType	True	17	False
127	NotoSansMyanmar-SemiCondensedBlack.ttf	ttf	Noto Sans Myanmar	SemiCondensed Black	NotoSansMyanmar-SemiCondensedBlack	1	614	False	0	False	N/A	N/A	FT_ENCODING_UNICODE	True	False	False	False	0	False	True	True	1000	TrueType	True	17	False
128	NotoSansMyanmarUI-Black.ttf	ttf	Noto Sans Myanmar UI	Black	NotoSansMyanmarUI-Black	1	615	False	0	False	N/A	N/A	FT_ENCODING_UNICODE	True	False	False	False	0	False	True	True	1000	TrueType	True	17	False
129	NotoSansMyanmarUI-Condensed.ttf	ttf	Noto Sans Myanmar UI	Condensed	NotoSansMyanmarUI-Condensed	1	615	False	0	False	N/A	N/A	FT_ENCODING_UNICODE	True	False	False	False	0	False	True	True	1000	TrueType	True	17	False
130	NotoSansMyanmarUI-CondensedBlack.ttf	ttf	Noto Sans Myanmar UI	Condensed Black	NotoSansMyanmarUI-CondensedBlack	1	615	False	0	False	N/A	N/A	FT_ENCODING_UNICODE	True	False	False	False	0	False	True	True	1000	TrueType	True	17	False
131	NotoSansMyanmarUI-Regular.ttf	ttf	Noto Sans Myanmar UI	Regular	NotoSansMyanmarUI-Regular	1	615	False	0	False	N/A	N/A	FT_ENCODING_UNICODE	True	False	False	False	0	False	True	True	1000	TrueType	True	15	False
132	NotoSansMyanmarUI-SemiCondensed.ttf	ttf	Noto Sans Myanmar UI	SemiCondensed	NotoSansMyanmarUI-SemiCondensed	1	615	False	0	False	N/A	N/A	FT_ENCODING_UNICODE	True	False	False	False	0	False	True	True	1000	TrueType	True	17	False
133	NotoSansMyanmarUI-SemiCondensedBlack.ttf	ttf	Noto Sans Myanmar UI	SemiCondensed Black	NotoSansMyanmarUI-SemiCondensedBlack	1	615	False	0	False	N/A	N/A	FT_ENCODING_UNICODE	True	False	False	False	0	False	True	True	1000	TrueType	True	17	False
134	NotoSansNKo-Regular.ttf	ttf	Noto Sans NKo	Regular	NotoSansNKo-Regular	1	176	False	0	False	N/A	N/A	FT_ENCODING_UNICODE	True	False	False	False	0	False	True	True	1000	TrueType	True	16	False
135	NotoSansOriya-Regular.ttf	ttf	Noto Sans Oriya	Regular	NotoSansOriya	1	671	False	0	False	N/A	N/A	FT_ENCODING_UNICODE	True	False	False	False	0	False	True	True	2048	TrueType	True	15	False
136	NotoSansOriyaUI-Regular.ttf	ttf	Noto Sans Oriya UI	Regular	NotoSansOriyaUI	1	624	False	0	False	N/A	N/A	FT_ENCODING_UNICODE	True	False	False	False	0	False	True	True	2048	TrueType	True	15	False
137	NotoSansSinhala-Black.ttf	ttf	Noto Sans Sinhala	Black	NotoSansSinhala-Black	1	645	False	0	False	N/A	N/A	FT_ENCODING_UNICODE	True	False	False	False	0	False	True	True	1000	TrueType	True	17	False
138	NotoSansSinhala-Condensed.ttf	ttf	Noto Sans Sinhala	Condensed	NotoSansSinhala-Condensed	1	645	False	0	False	N/A	N/A	FT_ENCODING_UNICODE	True	False	False	False	0	False	True	True	1000	TrueType	True	17	False
139	NotoSansSinhala-CondensedBlack.ttf	ttf	Noto Sans Sinhala	Condensed Black	NotoSansSinhala-CondensedBlack	1	645	False	0	False	N/A	N/A	FT_ENCODING_UNICODE	True	False	False	False	0	False	True	True	1000	TrueType	True	17	False
140	NotoSansSinhala-Regular.ttf	ttf	Noto Sans Sinhala	Regular	NotoSansSinhala-Regular	1	645	False	0	False	N/A	N/A	FT_ENCODING_UNICODE	True	False	False	False	0	False	True	True	1000	TrueType	True	15	False
141	NotoSansSinhala-SemiCondensed.ttf	ttf	Noto Sans Sinhala	SemiCondensed	NotoSansSinhala-SemiCondensed	1	645	False	0	False	N/A	N/A	FT_ENCODING_UNICODE	True	False	False	False	0	False	True	True	1000	TrueType	True	17	False
142	NotoSansSinhala-SemiCondensedBlack.ttf	ttf	Noto Sans Sinhala	SemiCondensed Black	NotoSansSinhala-SemiCondensedBlack	1	645	False	0	False	N/A	N/A	FT_ENCODING_UNICODE	True	False	False	False	0	False	True	True	1000	TrueType	True	17	False
143	NotoSansSinhalaUI-Black.ttf	ttf	Noto Sans Sinhala UI	Black	NotoSansSinhalaUI-Black	1	645	False	0	False	N/A	N/A	FT_ENCODING_UNICODE	True	False	False	False	0	False	True	True	1000	TrueType	True	17	False
144	NotoSansSinhalaUI-Condensed.ttf	ttf	Noto Sans Sinhala UI	Condensed	NotoSansSinhalaUI-Condensed	1	645	False	0	False	N/A	N/A	FT_ENCODING_UNICODE	True	False	False	False	0	False	True	True	1000	TrueType	True	17	False
145	NotoSansSinhalaUI-CondensedBlack.ttf	ttf	Noto Sans Sinhala UI	Condensed Black	NotoSansSinhalaUI-CondensedBlack	1	645	False	0	False	N/A	N/A	FT_ENCODING_UNICODE	True	False	False	False	0	False	True	True	1000	TrueType	True	17	False
146	NotoSansSinhalaUI-Regular.ttf	ttf	Noto Sans Sinhala UI	Regular	NotoSansSinhalaUI-Regular	1	645	False	0	False	N/A	N/A	FT_ENCODING_UNICODE	True	False	False	False	0	False	True	True	1000	TrueType	True	15	False
147	NotoSansSinhalaUI-SemiCondensed.ttf	ttf	Noto Sans Sinhala UI	SemiCondensed	NotoSansSinhalaUI-SemiCondensed	1	645	False	0	False	N/A	N/A	FT_ENCODING_UNICODE	True	False	False	False	0	False	True	True	1000	TrueType	True	17	False
148	NotoSansSinhalaUI-SemiCondensedBlack.ttf	ttf	Noto Sans Sinhala UI	SemiCondensed Black	NotoSansSinhalaUI-SemiCondensedBlack	1	645	False	0	False	N/A	N/A	FT_ENCODING_UNICODE	True	False	False	False	0	False	True	True	1000	TrueType	True	17	False
149	NotoSansSylotiNagri-Regular.ttf	ttf	Noto Sans Syloti Nagri	Regular	NotoSansSylotiNagri	1	85	False	0	False	N/A	N/A	FT_ENCODING_UNICODE	True	False	False	False	0	False	True	False	2048	TrueType	True	15	False
150	NotoSansSymbols-Black.ttf	ttf	Noto Sans Symbols	Black	NotoSansSymbols-Black	1	1216	False	0	False	N/A	N/A	FT_ENCODING_UNICODE	True	False	False	False	0	False	True	True	1000	TrueType	True	17	False
151	NotoSansSymbols-Regular.ttf	ttf	Noto Sans Symbols	Regular	NotoSansSymbols-Regular	1	1216	False	0	False	N/A	N/A	FT_ENCODING_UNICODE	True	False	False	False	0	False	True	True	1000	TrueType	True	15	False
152	NotoSansSymbols2-Regular.ttf	ttf	Noto Sans Symbols2	Regular	NotoSansSymbols2-Regular	1	2277	False	0	False	N/A	N/A	FT_ENCODING_UNICODE	True	False	False	False	0	False	True	True	1000	TrueType	True	15	False
153	NotoSansTaiLe-Regular.ttf	ttf	Noto Sans Tai Le	Regular	NotoSansTaiLe	1	66	False	0	False	N/A	N/A	FT_ENCODING_UNICODE	True	False	False	False	0	False	True	True	2048	TrueType	True	15	False
154	NotoSansTamil-Black.ttf	ttf	Noto Sans Tamil	Black	NotoSansTamil-Black	1	240	False	0	False	N/A	N/A	FT_ENCODING_UNICODE	True	False	False	False	0	False	True	True	1000	TrueType	True	17	False
155	NotoSansTamil-Condensed.ttf	ttf	Noto Sans Tamil	Condensed	NotoSansTamil-Condensed	1	240	False	0	False	N/A	N/A	FT_ENCODING_UNICODE	True	False	False	False	0	False	True	True	1000	TrueType	True	17	False
156	NotoSansTamil-CondensedBlack.ttf	ttf	Noto Sans Tamil	Condensed Black	NotoSansTamil-CondensedBlack	1	240	False	0	False	N/A	N/A	FT_ENCODING_UNICODE	True	False	False	False	0	False	True	True	1000	TrueType	True	17	False
157	NotoSansTamil-Regular.ttf	ttf	Noto Sans Tamil	Regular	NotoSansTamil-Regular	1	240	False	0	False	N/A	N/A	FT_ENCODING_UNICODE	True	False	False	False	0	False	True	True	1000	TrueType	True	15	False
158	NotoSansTamil-SemiCondensed.ttf	ttf	Noto Sans Tamil	SemiCondensed	NotoSansTamil-SemiCondensed	1	240	False	0	False	N/A	N/A	FT_ENCODING_UNICODE	True	False	False	False	0	False	True	True	1000	TrueType	True	17	False
159	NotoSansTamil-SemiCondensedBlack.ttf	ttf	Noto Sans Tamil	SemiCondensed Black	NotoSansTamil-SemiCondensedBlack	1	240	False	0	False	N/A	N/A	FT_ENCODING_UNICODE	True	False	False	False	0	False	True	True	1000	TrueType	True	17	False
160	NotoSansTamilUI-Black.ttf	ttf	Noto Sans Tamil UI	Black	NotoSansTamilUI-Black	1	240	False	0	False	N/A	N/A	FT_ENCODING_UNICODE	True	False	False	False	0	False	True	True	1000	TrueType	True	17	False
161	NotoSansTamilUI-Condensed.ttf	ttf	Noto Sans Tamil UI	Condensed	NotoSansTamilUI-Condensed	1	240	False	0	False	N/A	N/A	FT_ENCODING_UNICODE	True	False	False	False	0	False	True	True	1000	TrueType	True	17	False
162	NotoSansTamilUI-CondensedBlack.ttf	ttf	Noto Sans Tamil UI	Condensed Black	NotoSansTamilUI-CondensedBlack	1	240	False	0	False	N/A	N/A	FT_ENCODING_UNICODE	True	False	False	False	0	False	True	True	1000	TrueType	True	17	False
163	NotoSansTamilUI-Regular.ttf	ttf	Noto Sans Tamil UI	Regular	NotoSansTamilUI-Regular	1	240	False	0	False	N/A	N/A	FT_ENCODING_UNICODE	True	False	False	False	0	False	True	True	1000	TrueType	True	15	False
164	NotoSansTamilUI-SemiCondensed.ttf	ttf	Noto Sans Tamil UI	SemiCondensed	NotoSansTamilUI-SemiCondensed	1	240	False	0	False	N/A	N/A	FT_ENCODING_UNICODE	True	False	False	False	0	False	True	True	1000	TrueType	True	17	False
165	NotoSansTamilUI-SemiCondensedBlack.ttf	ttf	Noto Sans Tamil UI	SemiCondensed Black	NotoSansTamilUI-SemiCondensedBlack	1	240	False	0	False	N/A	N/A	FT_ENCODING_UNICODE	True	False	False	False	0	False	True	True	1000	TrueType	True	17	False
166	NotoSansTelugu-Regular.ttf	ttf	Noto Sans Telugu	Regular	NotoSansTelugu	1	762	False	0	False	N/A	N/A	FT_ENCODING_UNICODE	True	False	False	False	0	False	True	False	2048	TrueType	True	15	False
167	NotoSansTeluguUI-Regular.ttf	ttf	Noto Sans Telugu UI	Regular	NotoSansTeluguUI	1	776	False	0	False	N/A	N/A	FT_ENCODING_UNICODE	True	False	False	False	0	False	True	True	2048	TrueType	True	15	False
168	NotoSansThai-Black.ttf	ttf	Noto Sans Thai	Black	NotoSansThai-Black	1	140	False	0	False	N/A	N/A	FT_ENCODING_UNICODE	True	False	False	False	0	False	True	True	1000	TrueType	True	17	False
169	NotoSansThai-Condensed.ttf	ttf	Noto Sans Thai	Condensed	NotoSansThai-Condensed	1	140	False	0	False	N/A	N/A	FT_ENCODING_UNICODE	True	False	False	False	0	False	True	True	1000	TrueType	True	17	False
170	NotoSansThai-CondensedBlack.ttf	ttf	Noto Sans Thai	Condensed Black	NotoSansThai-CondensedBlack	1	140	False	0	False	N/A	N/A	FT_ENCODING_UNICODE	True	False	False	False	0	False	True	True	1000	TrueType	True	17	False
171	NotoSansThai-Regular.ttf	ttf	Noto Sans Thai	Regular	NotoSansThai-Regular	1	140	False	0	False	N/A	N/A	FT_ENCODING_UNICODE	True	False	False	False	0	False	True	True	1000	TrueType	True	15	False
172	NotoSansThai-SemiCondensed.ttf	ttf	Noto Sans Thai	SemiCondensed	NotoSansThai-SemiCondensed	1	140	False	0	False	N/A	N/A	FT_ENCODING_UNICODE	True	False	False	False	0	False	True	True	1000	TrueType	True	17	False
173	NotoSansThai-SemiCondensedBlack.ttf	ttf	Noto Sans Thai	SemiCondensed Black	NotoSansThai-SemiCondensedBlack	1	140	False	0	False	N/A	N/A	FT_ENCODING_UNICODE	True	False	False	False	0	False	True	True	1000	TrueType	True	17	False
174	NotoSansThaiUI-Black.ttf	ttf	Noto Sans Thai UI	Black	NotoSansThaiUI-Black	1	140	False	0	False	N/A	N/A	FT_ENCODING_UNICODE	True	False	False	False	0	False	True	True	1000	TrueType	True	17	False
175	NotoSansThaiUI-Condensed.ttf	ttf	Noto Sans Thai UI	Condensed	NotoSansThaiUI-Condensed	1	140	False	0	False	N/A	N/A	FT_ENCODING_UNICODE	True	False	False	False	0	False	True	True	1000	TrueType	True	17	False
176	NotoSansThaiUI-CondensedBlack.ttf	ttf	Noto Sans Thai UI	Condensed Black	NotoSansThaiUI-CondensedBlack	1	140	False	0	False	N/A	N/A	FT_ENCODING_UNICODE	True	False	False	False	0	False	True	True	1000	TrueType	True	17	False
177	NotoSansThaiUI-Regular.ttf	ttf	Noto Sans Thai UI	Regular	NotoSansThaiUI-Regular	1	140	False	0	False	N/A	N/A	FT_ENCODING_UNICODE	True	False	False	False	0	False	True	True	1000	TrueType	True	15	False
178	NotoSansThaiUI-SemiCondensed.ttf	ttf	Noto Sans Thai UI	SemiCondensed	NotoSansThaiUI-SemiCondensed	1	140	False	0	False	N/A	N/A	FT_ENCODING_UNICODE	True	False	False	False	0	False	True	True	1000	TrueType	True	17	False
179	NotoSansThaiUI-SemiCondensedBlack.ttf	ttf	Noto Sans Thai UI	SemiCondensed Black	NotoSansThaiUI-SemiCondensedBlack	1	140	False	0	False	N/A	N/A	FT_ENCODING_UNICODE	True	False	False	False	0	False	True	True	1000	TrueType	True	17	False
180	NotoSansTibetan-Regular.ttf	ttf	Noto Sans Tibetan	Regular	NotoSansTibetan	1	1296	False	0	False	N/A	N/A	FT_ENCODING_UNICODE	True	False	False	False	0	False	True	True	2048	TrueType	True	15	False
181	NotoSerif-Black.ttf	ttf	Noto Serif	Black	NotoSerif-Black	1	3243	False	0	False	N/A	N/A	FT_ENCODING_UNICODE	True	False	False	False	0	False	True	True	1000	TrueType	True	17	False
182	NotoSerif-Condensed.ttf	ttf	Noto Serif	Condensed	NotoSerif-Condensed	1	3243	False	0	False	N/A	N/A	FT_ENCODING_UNICODE	True	False	False	False	0	False	True	True	1000	TrueType	True	17	False
183	NotoSerif-CondensedBlack.ttf	ttf	Noto Serif	Condensed Black	NotoSerif-CondensedBlack	1	3243	False	0	False	N/A	N/A	FT_ENCODING_UNICODE	True	False	False	False	0	False	True	True	1000	TrueType	True	17	False
184	NotoSerif-Regular.ttf	ttf	Noto Serif	Regular	NotoSerif-Regular	1	3243	False	0	False	N/A	N/A	FT_ENCODING_UNICODE	True	False	False	False	0	False	True	True	1000	TrueType	True	15	False
185	NotoSerif-SemiCondensed.ttf	ttf	Noto Serif	SemiCondensed	NotoSerif-SemiCondensed	1	3243	False	0	False	N/A	N/A	FT_ENCODING_UNICODE	True	False	False	False	0	False	True	True	1000	TrueType	True	17	False
186	NotoSerif-SemiCondensedBlack.ttf	ttf	Noto Serif	SemiCondensed Black	NotoSerif-SemiCondensedBlack	1	3243	False	0	False	N/A	N/A	FT_ENCODING_UNICODE	True	False	False	False	0	False	True	True	1000	TrueType	True	17	False
187	NotoSerifArmenian-Black.ttf	ttf	Noto Serif Armenian	Black	NotoSerifArmenian-Black	1	103	False	0	False	N/A	N/A	FT_ENCODING_UNICODE	True	False	False	False	0	False	True	True	1000	TrueType	True	17	False
188	NotoSerifArmenian-Condensed.ttf	ttf	Noto Serif Armenian	Condensed	NotoSerifArmenian-Condensed	1	103	False	0	False	N/A	N/A	FT_ENCODING_UNICODE	True	False	False	False	0	False	True	True	1000	TrueType	True	17	False
189	NotoSerifArmenian-CondensedBlack.ttf	ttf	Noto Serif Armenian	Condensed Black	NotoSerifArmenian-CondensedBlack	1	103	False	0	False	N/A	N/A	FT_ENCODING_UNICODE	True	False	False	False	0	False	True	True	1000	TrueType	True	17	False
190	NotoSerifArmenian-Regular.ttf	ttf	Noto Serif Armenian	Regular	NotoSerifArmenian-Regular	1	103	False	0	False	N/A	N/A	FT_ENCODING_UNICODE	True	False	False	False	0	False	True	True	1000	TrueType	True	15	False
191	NotoSerifArmenian-SemiCondensed.ttf	ttf	Noto Serif Armenian	SemiCondensed	NotoSerifArmenian-SemiCondensed	1	103	False	0	False	N/A	N/A	FT_ENCODING_UNICODE	True	False	False	False	0	False	True	True	1000	TrueType	True	17	False
192	NotoSerifArmenian-SemiCondensedBlack.ttf	ttf	Noto Serif Armenian	SemiCondensed Black	NotoSerifArmenian-SemiCondensedBlack	1	103	False	0	False	N/A	N/A	FT_ENCODING_UNICODE	True	False	False	False	0	False	True	True	1000	TrueType	True	17	False
193	NotoSerifBengali-Regular.ttf	ttf	Noto Serif Bengali	Regular	NotoSerifBengali	1	591	False	0	False	N/A	N/A	FT_ENCODING_UNICODE	True	False	False	False	0	False	True	True	2048	TrueType	True	15	False
194	NotoSerifCJKjp-Black.otf	otf	Noto Serif CJK JP	Black	NotoSerifCJKjp-Black	1	65535	False	0	False	N/A	N/A	FT_ENCODING_UNICODE	True	True	False	False	0	False	True	False	1000	CFF	True	22	False
195	NotoSerifCJKjp-Regular.otf	otf	Noto Serif CJK JP	Regular	NotoSerifCJKjp-Regular	1	65535	False	0	False	N/A	N/A	FT_ENCODING_UNICODE	True	True	False	False	0	False	True	False	1000	CFF	True	18	False
196	NotoSerifCJKkr-Black.otf	otf	Noto Serif CJK KR	Black	NotoSerifCJKkr-Black	1	65535	False	0	False	N/A	N/A	FT_ENCODING_UNICODE	True	True	False	False	0	False	True	False	1000	CFF	True	22	False
197	NotoSerifCJKkr-Regular.otf	otf	Noto Serif CJK KR	Regular	NotoSerifCJKkr-Regular	1	65535	False	0	False	N/A	N/A	FT_ENCODING_UNICODE	True	True	False	False	0	False	True	False	1000	CFF	True	18	False
198	NotoSerifCJKsc-Black.otf	otf	Noto Serif CJK SC	Black	NotoSerifCJKsc-Black	1	65535	False	0	False	N/A	N/A	FT_ENCODING_UNICODE	True	True	False	False	0	False	True	False	1000	CFF	True	22	False
199	NotoSerifCJKsc-Regular.otf	otf	Noto Serif CJK SC	Regular	NotoSerifCJKsc-Regular	1	65535	False	0	False	N/A	N/A	FT_ENCODING_UNICODE	True	True	False	False	0	False	True	False	1000	CFF	True	18	False
200	NotoSerifCJKtc-Black.otf	otf	Noto Serif CJK TC	Black	NotoSerifCJKtc-Black	1	65535	False	0	False	N/A	N/A	FT_ENCODING_UNICODE	True	True	False	False	0	False	True	False	1000	CFF	True	22	False
201	NotoSerifCJKtc-Regular.otf	otf	Noto Serif CJK TC	Regular	NotoSerifCJKtc-Regular	1	65535	False	0	False	N/A	N/A	FT_ENCODING_UNICODE	True	True	False	False	0	False	True	False	1000	CFF	True	18	False
202	NotoSerifDevanagari-Regular.ttf	ttf	Noto Serif Devanagari	Regular	NotoSerifDevanagari	1	716	False	0	False	N/A	N/A	FT_ENCODING_UNICODE	True	False	False	False	0	False	True	True	2048	TrueType	True	15	False
203	NotoSerifDisplay-Black.ttf	ttf	Noto Serif Display	Black	NotoSerifDisplay-Black	1	3245	False	0	False	N/A	N/A	FT_ENCODING_UNICODE	True	False	False	False	0	False	True	True	1000	TrueType	True	17	False
204	NotoSerifDisplay-Condensed.ttf	ttf	Noto Serif Display	Condensed	NotoSerifDisplay-Condensed	1	3245	False	0	False	N/A	N/A	FT_ENCODING_UNICODE	True	False	False	False	0	False	True	True	1000	TrueType	True	17	False
205	NotoSerifDisplay-CondensedBlack.ttf	ttf	Noto Serif Display	Condensed Black	NotoSerifDisplay-CondensedBlack	1	3245	False	0	False	N/A	N/A	FT_ENCODING_UNICODE	True	False	False	False	0	False	True	True	1000	TrueType	True	17	False
206	NotoSerifDisplay-Regular.ttf	ttf	Noto Serif Display	Regular	NotoSerifDisplay-Regular	1	3245	False	0	False	N/A	N/A	FT_ENCODING_UNICODE	True	False	False	False	0	False	True	True	1000	TrueType	True	16	False
207	NotoSerifDisplay-SemiCondensed.ttf	ttf	Noto Serif Display	SemiCondensed	NotoSerifDisplay-SemiCondensed	1	3245	False	0	False	N/A	N/A	FT_ENCODING_UNICODE	True	False	False	False	0	False	True	True	1000	TrueType	True	17	False
208	NotoSerifDisplay-SemiCondensedBlack.ttf	ttf	Noto Serif Display	SemiCondensed Black	NotoSerifDisplay-SemiCondensedBlack	1	3245	False	0	False	N/A	N/A	FT_ENCODING_UNICODE	True	False	False	False	0	False	True	True	1000	TrueType	True	17	False
209	NotoSerifEthiopic-Black.ttf	ttf	Noto Serif Ethiopic	Black	NotoSerifEthiopic-Black	1	615	False	0	False	N/A	N/A	FT_ENCODING_UNICODE	True	False	False	False	0	False	True	True	1000	TrueType	True	17	False
210	NotoSerifEthiopic-Condensed.ttf	ttf	Noto Serif Ethiopic	Condensed	NotoSerifEthiopic-Condensed	1	615	False	0	False	N/A	N/A	FT_ENCODING_UNICODE	True	False	False	False	0	False	True	True	1000	TrueType	True	17	False
211	NotoSerifEthiopic-CondensedBlack.ttf	ttf	Noto Serif Ethiopic	Condensed Black	NotoSerifEthiopic-CondensedBlack	1	615	False	0	False	N/A	N/A	FT_ENCODING_UNICODE	True	False	False	False	0	False	True	True	1000	TrueType	True	17	False
212	NotoSerifEthiopic-Regular.ttf	ttf	Noto Serif Ethiopic	Regular	NotoSerifEthiopic-Regular	1	615	False	0	False	N/A	N/A	FT_ENCODING_UNICODE	True	False	False	False	0	False	True	True	1000	TrueType	True	15	False
213	NotoSerifEthiopic-SemiCondensed.ttf	ttf	Noto Serif Ethiopic	SemiCondensed	NotoSerifEthiopic-SemiCondensed	1	615	False	0	False	N/A	N/A	FT_ENCODING_UNICODE	True	False	False	False	0	False	True	True	1000	TrueType	True	17	False
214	NotoSerifEthiopic-SemiCondensedBlack.ttf	ttf	Noto Serif Ethiopic	SemiCondensed Black	NotoSerifEthiopic-SemiCondensedBlack	1	615	False	0	False	N/A	N/A	FT_ENCODING_UNICODE	True	False	False	False	0	False	True	True	1000	TrueType	True	17	False
215	NotoSerifGeorgian-Black.ttf	ttf	Noto Serif Georgian	Black	NotoSerifGeorgian-Black	1	160	False	0	False	N/A	N/A	FT_ENCODING_UNICODE	True	False	False	False	0	False	True	True	1000	TrueType	True	17	False
216	NotoSerifGeorgian-Condensed.ttf	ttf	Noto Serif Georgian	Condensed	NotoSerifGeorgian-Condensed	1	160	False	0	False	N/A	N/A	FT_ENCODING_UNICODE	True	False	False	False	0	False	True	True	1000	TrueType	True	17	False
217	NotoSerifGeorgian-CondensedBlack.ttf	ttf	Noto Serif Georgian	Condensed Black	NotoSerifGeorgian-CondensedBlack	1	160	False	0	False	N/A	N/A	FT_ENCODING_UNICODE	True	False	False	False	0	False	True	True	1000	TrueType	True	17	False
218	NotoSerifGeorgian-Regular.ttf	ttf	Noto Serif Georgian	Regular	NotoSerifGeorgian-Regular	1	160	False	0	False	N/A	N/A	FT_ENCODING_UNICODE	True	False	False	False	0	False	True	True	1000	TrueType	True	15	False
219	NotoSerifGeorgian-SemiCondensed.ttf	ttf	Noto Serif Georgian	SemiCondensed	NotoSerifGeorgian-SemiCondensed	1	160	False	0	False	N/A	N/A	FT_ENCODING_UNICODE	True	False	False	False	0	False	True	True	1000	TrueType	True	17	False
220	NotoSerifGeorgian-SemiCondensedBlack.ttf	ttf	Noto Serif Georgian	SemiCondensed Black	NotoSerifGeorgian-SemiCondensedBlack	1	160	False	0	False	N/A	N/A	FT_ENCODING_UNICODE	True	False	False	False	0	False	True	True	1000	TrueType	True	17	False
221	NotoSerifGujarati-Regular.ttf	ttf	Noto Serif Gujarati	Regular	NotoSerifGujarati	1	476	False	0	False	N/A	N/A	FT_ENCODING_UNICODE	True	False	False	False	0	False	True	True	2048	TrueType	True	15	False
222	NotoSerifHebrew-Black.ttf	ttf	Noto Serif Hebrew	Black	NotoSerifHebrew-Black	1	150	False	0	False	N/A	N/A	FT_ENCODING_UNICODE	True	False	False	False	0	False	True	True	1000	TrueType	True	17	False
223	NotoSerifHebrew-Condensed.ttf	ttf	Noto Serif Hebrew	Condensed	NotoSerifHebrew-Condensed	1	150	False	0	False	N/A	N/A	FT_ENCODING_UNICODE	True	False	False	False	0	False	True	True	1000	TrueType	True	17	False
224	NotoSerifHebrew-CondensedBlack.ttf	ttf	Noto Serif Hebrew	Condensed Black	NotoSerifHebrew-CondensedBlack	1	150	False	0	False	N/A	N/A	FT_ENCODING_UNICODE	True	False	False	False	0	False	True	True	1000	TrueType	True	17	False
225	NotoSerifHebrew-Regular.ttf	ttf	Noto Serif Hebrew	Regular	NotoSerifHebrew-Regular	1	150	False	0	False	N/A	N/A	FT_ENCODING_UNICODE	True	False	False	False	0	False	True	True	1000	TrueType	True	15	False
226	NotoSerifHebrew-SemiCondensed.ttf	ttf	Noto Serif Hebrew	SemiCondensed	NotoSerifHebrew-SemiCondensed	1	150	False	0	False	N/A	N/A	FT_ENCODING_UNICODE	True	False	False	False	0	False	True	True	1000	TrueType	True	17	False
227	NotoSerifHebrew-SemiCondensedBlack.ttf	ttf	Noto Serif Hebrew	SemiCondensed Black	NotoSerifHebrew-SemiCondensedBlack	1	150	False	0	False	N/A	N/A	FT_ENCODING_UNICODE	True	False	False	False	0	False	True	True	1000	TrueType	True	17	False
228	NotoSerifKannada-Regular.ttf	ttf	Noto Serif Kannada	Regular	NotoSerifKannada	1	439	False	0	False	N/A	N/A	FT_ENCODING_UNICODE	True	False	False	False	0	False	True	True	2048	TrueType	True	15	False
229	NotoSerifKhmer-Black.ttf	ttf	Noto Serif Khmer	Black	NotoSerifKhmer-Black	1	418	False	0	False	N/A	N/A	FT_ENCODING_UNICODE	True	False	False	False	0	False	True	True	1000	TrueType	True	17	False
230	NotoSerifKhmer-Condensed.ttf	ttf	Noto Serif Khmer	Condensed	NotoSerifKhmer-Condensed	1	418	False	0	False	N/A	N/A	FT_ENCODING_UNICODE	True	False	False	False	0	False	True	True	1000	TrueType	True	17	False
231	NotoSerifKhmer-CondensedBlack.ttf	ttf	Noto Serif Khmer	Condensed Black	NotoSerifKhmer-CondensedBlack	1	418	False	0	False	N/A	N/A	FT_ENCODING_UNICODE	True	False	False	False	0	False	True	True	1000	TrueType	True	17	False
232	NotoSerifKhmer-Regular.ttf	ttf	Noto Serif Khmer	Regular	NotoSerifKhmer-Regular	1	418	False	0	False	N/A	N/A	FT_ENCODING_UNICODE	True	False	False	False	0	False	True	True	1000	TrueType	True	15	False
233	NotoSerifKhmer-SemiCondensed.ttf	ttf	Noto Serif Khmer	SemiCondensed	NotoSerifKhmer-SemiCondensed	1	418	False	0	False	N/A	N/A	FT_ENCODING_UNICODE	True	False	False	False	0	False	True	True	1000	TrueType	True	17	False
234	NotoSerifKhmer-SemiCondensedBlack.ttf	ttf	Noto Serif Khmer	SemiCondensed Black	NotoSerifKhmer-SemiCondensedBlack	1	418	False	0	False	N/A	N/A	FT_ENCODING_UNICODE	True	False	False	False	0	False	True	True	1000	TrueType	True	17	False
235	NotoSerifLao-Black.ttf	ttf	Noto Serif Lao	Black	NotoSerifLao-Black	1	117	False	0	False	N/A	N/A	FT_ENCODING_UNICODE	True	False	False	False	0	False	True	True	1000	TrueType	True	17	False
236	NotoSerifLao-Condensed.ttf	ttf	Noto Serif Lao	Condensed	NotoSerifLao-Condensed	1	117	False	0	False	N/A	N/A	FT_ENCODING_UNICODE	True	False	False	False	0	False	True	True	1000	TrueType	True	17	False
237	NotoSerifLao-CondensedBlack.ttf	ttf	Noto Serif Lao	Condensed Black	NotoSerifLao-CondensedBlack	1	117	False	0	False	N/A	N/A	FT_ENCODING_UNICODE	True	False	False	False	0	False	True	True	1000	TrueType	True	17	False
238	NotoSerifLao-Regular.ttf	ttf	Noto Serif Lao	Regular	NotoSerifLao-Regular	1	117	False	0	False	N/A	N/A	FT_ENCODING_UNICODE	True	False	False	False	0	False	True	True	1000	TrueType	True	15	False
239	NotoSerifLao-SemiCondensed.ttf	ttf	Noto Serif Lao	SemiCondensed	NotoSerifLao-SemiCondensed	1	117	False	0	False	N/A	N/A	FT_ENCODING_UNICODE	True	False	False	False	0	False	True	True	1000	TrueType	True	17	False
240	NotoSerifLao-SemiCondensedBlack.ttf	ttf	Noto Serif Lao	SemiCondensed Black	NotoSerifLao-SemiCondensedBlack	1	117	False	0	False	N/A	N/A	FT_ENCODING_UNICODE	True	False	False	False	0	False	True	True	1000	TrueType	True	17	False
241	NotoSerifMalayalam-Regular.ttf	ttf	Noto Serif Malayalam	Regular	NotoSerifMalayalam	1	240	False	0	False	N/A	N/A	FT_ENCODING_UNICODE	True	False	False	False	0	False	True	True	2048	TrueType	True	15	False
242	NotoSerifMyanmar-Black.ttf	ttf	Noto Serif Myanmar	Black	NotoSerifMyanmar-Black	1	741	False	0	False	N/A	N/A	FT_ENCODING_UNICODE	True	False	False	False	0	False	True	True	1000	TrueType	True	17	False
243	NotoSerifMyanmar-Condensed.ttf	ttf	Noto Serif Myanmar	Condensed	NotoSerifMyanmar-Condensed	1	741	False	0	False	N/A	N/A	FT_ENCODING_UNICODE	True	False	False	False	0	False	True	True	1000	TrueType	True	17	False
244	NotoSerifMyanmar-CondensedBlack.ttf	ttf	Noto Serif Myanmar	Condensed Black	NotoSerifMyanmar-CondensedBlack	1	741	False	0	False	N/A	N/A	FT_ENCODING_UNICODE	True	False	False	False	0	False	True	True	1000	TrueType	True	17	False
245	NotoSerifMyanmar-Regular.ttf	ttf	Noto Serif Myanmar	Regular	NotoSerifMyanmar-Regular	1	741	False	0	False	N/A	N/A	FT_ENCODING_UNICODE	True	False	False	False	0	False	True	True	1000	TrueType	True	15	False
246	NotoSerifMyanmar-SemiCondensed.ttf	ttf	Noto Serif Myanmar	SemiCondensed	NotoSerifMyanmar-SemiCondensed	1	741	False	0	False	N/A	N/A	FT_ENCODING_UNICODE	True	False	False	False	0	False	True	True	1000	TrueType	True	17	False
247	NotoSerifMyanmar-SemiCondensedBlack.ttf	ttf	Noto Serif Myanmar	SemiCondensed Black	NotoSerifMyanmar-SemiCondensedBlack	1	741	False	0	False	N/A	N/A	FT_ENCODING_UNICODE	True	False	False	False	0	False	True	True	1000	TrueType	True	17	False
248	NotoSerifSinhala-Black.ttf	ttf	Noto Serif Sinhala	Black	NotoSerifSinhala-Black	1	645	False	0	False	N/A	N/A	FT_ENCODING_UNICODE	True	False	False	False	0	False	True	True	1000	TrueType	True	17	False
249	NotoSerifSinhala-Regular.ttf	ttf	Noto Serif Sinhala	Regular	NotoSerifSinhala-Regular	1	645	False	0	False	N/A	N/A	FT_ENCODING_UNICODE	True	False	False	False	0	False	True	True	1000	TrueType	True	15	False
250	NotoSerifTamil-Black.ttf	ttf	Noto Serif Tamil	Black	NotoSerifTamil-Black	1	219	False	0	False	N/A	N/A	FT_ENCODING_UNICODE	True	False	False	False	0	False	True	True	1000	TrueType	True	17	False
251	NotoSerifTamil-Condensed.ttf	ttf	Noto Serif Tamil	Condensed	NotoSerifTamil-Condensed	1	219	False	0	False	N/A	N/A	FT_ENCODING_UNICODE	True	False	False	False	0	False	True	True	1000	TrueType	True	17	False
252	NotoSerifTamil-CondensedBlack.ttf	ttf	Noto Serif Tamil	Condensed Black	NotoSerifTamil-CondensedBlack	1	219	False	0	False	N/A	N/A	FT_ENCODING_UNICODE	True	False	False	False	0	False	True	True	1000	TrueType	True	17	False
253	NotoSerifTamil-Regular.ttf	ttf	Noto Serif Tamil	Regular	NotoSerifTamil-Regular	1	219	False	0	False	N/A	N/A	FT_ENCODING_UNICODE	True	False	False	False	0	False	True	True	1000	TrueType	True	15	False
254	NotoSerifTamil-SemiCondensed.ttf	ttf	Noto Serif Tamil	SemiCondensed	NotoSerifTamil-SemiCondensed	1	219	False	0	False	N/A	N/A	FT_ENCODING_UNICODE	True	False	False	False	0	False	True	True	1000	TrueType	True	17	False
255	NotoSerifTamil-SemiCondensedBlack.ttf	ttf	Noto Serif Tamil	SemiCondensed Black	NotoSerifTamil-SemiCondensedBlack	1	219	False	0	False	N/A	N/A	FT_ENCODING_UNICODE	True	False	False	False	0	False	True	True	1000	TrueType	True	17	False
256	NotoSerifTelugu-Regular.ttf	ttf	Noto Serif Telugu	Regular	NotoSerifTelugu	1	672	False	0	False	N/A	N/A	FT_ENCODING_UNICODE	True	False	False	False	0	False	True	True	2048	TrueType	True	15	False
